date,botas vaqueras,mocasines,tenis plataforma,botas chelsea,sandalias plataforma
2021-10-03,42,24,16,3,3
2021-10-10,42,23,19,4,4
2021-10-17,41,23,20,3,4
2021-10-24,44,20,17,4,3
2021-10-31,45,25,19,5,2
2021-11-07,48,28,22,5,4
2021-11-14,60,29,27,6,4
2021-11-21,57,29,21,4,2
2021-11-28,57,29,21,6,2
2021-12-05,62,29,26,5,2
2021-12-12,71,31,33,7,3
2021-12-19,82,43,34,9,3
2021-12-26,74,31,33,7,4
2022-01-02,46,27,30,5,4
2022-01-09,41,27,26,3,4
2022-01-16,39,22,26,4,4
2022-01-23,37,22,23,3,4
2022-01-30,33,24,21,3,5
2022-02-06,38,24,25,3,4
2022-02-13,38,25,26,3,5
2022-02-20,40,25,27,3,7
2022-02-27,41,28,30,3,7
2022-03-06,36,26,26,3,8
2022-03-13,42,25,29,3,9
2022-03-20,42,25,31,2,9
2022-03-27,42,26,26,2,10
2022-04-03,42,24,27,1,11
2022-04-10,50,27,30,5,10
2022-04-17,49,27,30,2,11
2022-04-24,51,29,27,2,7
2022-05-01,50,27,28,2,10
2022-05-08,49,26,30,2,10
2022-05-15,48,22,24,2,8
2022-05-22,49,27,27,3,9
2022-05-29,48,25,29,2,9
2022-06-05,49,27,28,3,7
2022-06-12,57,32,28,4,8
2022-06-19,55,31,27,5,8
2022-06-26,54,29,30,4,7
2022-07-03,59,32,29,4,6
2022-07-10,63,33,28,3,8
2022-07-17,62,36,33,5,7
2022-07-24,61,37,32,4,7
2022-07-31,58,32,33,3,6
2022-08-07,59,31,32,4,6
2022-08-14,61,37,32,5,5
2022-08-21,49,39,30,4,6
2022-08-28,51,32,29,5,4
2022-09-04,56,32,24,6,6
2022-09-11,71,32,25,4,4
2022-09-18,56,34,28,3,5
2022-09-25,57,35,27,4,5
2022-10-02,63,33,25,5,4
2022-10-09,57,35,27,6,5
2022-10-16,61,33,26,5,4
2022-10-23,55,34,25,5,3
2022-10-30,57,31,25,6,4
2022-11-06,60,39,27,5,5
2022-11-13,72,40,32,7,6
2022-11-20,61,36,32,9,3
2022-11-27,67,37,30,6,4
2022-12-04,70,42,36,10,4
2022-12-11,82,48,45,10,4
2022-12-18,85,48,48,12,6
2022-12-25,76,48,47,7,5
2023-01-01,66,38,45,7,3
2023-01-08,56,39,34,5,4
2023-01-15,55,36,34,4,5
2023-01-22,52,35,32,5,5
2023-01-29,47,37,29,3,6
2023-02-05,51,34,32,4,8
2023-02-12,44,31,29,3,8
2023-02-19,53,33,31,4,7
2023-02-26,50,34,31,4,9
2023-03-05,47,35,31,3,9
2023-03-12,49,34,31,3,9
2023-03-19,51,33,32,4,10
2023-03-26,52,30,30,2,11
2023-04-02,55,33,34,3,11
2023-04-09,53,34,34,3,10
2023-04-16,58,33,31,4,7
2023-04-23,68,34,31,4,9
2023-04-30,64,34,36,3,9
2023-05-07,63,36,35,3,10
2023-05-14,61,33,33,3,9
2023-05-21,70,32,34,4,8
2023-05-28,61,34,37,5,10
2023-06-04,59,35,33,3,9
2023-06-11,60,35,32,3,8
2023-06-18,61,32,29,3,11
2023-06-25,71,35,33,4,10
2023-07-02,61,40,40,5,11
2023-07-09,64,37,34,4,10
2023-07-16,61,38,33,4,8
2023-07-23,60,35,35,4,8
2023-07-30,64,34,38,5,7
2023-08-06,60,35,35,4,6
2023-08-13,60,39,34,4,6
2023-08-20,62,38,31,3,8
2023-08-27,53,34,30,4,6
2023-09-03,59,35,32,4,5
2023-09-10,80,34,30,5,6
2023-09-17,59,29,27,4,5
2023-09-24,61,32,28,3,5
2023-10-01,62,34,29,5,4
2023-10-08,65,34,33,5,4
2023-10-15,64,33,28,8,4
2023-10-22,67,34,29,5,4
2023-10-29,68,31,29,4,5
2023-11-05,73,35,36,6,4
2023-11-12,84,42,42,7,5
2023-11-19,90,42,40,9,4
2023-11-26,76,37,34,10,6
2023-12-03,84,43,39,10,3
2023-12-10,94,46,46,12,4
2023-12-17,96,51,52,14,5
2023-12-24,92,46,46,12,3
2023-12-31,72,37,36,5,4
2024-01-07,56,39,31,7,5
2024-01-14,55,35,32,5,3
2024-01-21,58,32,28,3,5
2024-01-28,48,31,28,5,3
2024-02-04,48,29,25,3,5
2024-02-11,44,27,27,3,6
2024-02-18,42,29,25,5,4
2024-02-25,42,30,26,3,6
2024-03-03,43,31,24,4,6
2024-03-10,48,29,22,3,7
2024-03-17,50,31,28,4,8
2024-03-24,52,30,30,3,9
2024-03-31,55,28,27,3,10
2024-04-07,42,31,21,3,8
2024-04-14,48,25,20,3,9
2024-04-21,59,28,25,5,10
2024-04-28,55,28,28,3,8
2024-05-05,53,28,23,2,9
2024-05-12,46,29,26,3,10
2024-05-19,45,31,23,3,9
2024-05-26,41,30,21,3,6
2024-06-02,46,30,21,2,8
2024-06-09,54,34,23,2,7
2024-06-16,43,31,23,4,8
2024-06-23,52,33,25,5,6
2024-06-30,50,34,26,5,6
2024-07-07,54,35,25,4,7
2024-07-14,54,35,27,4,6
2024-07-21,61,36,27,4,5
2024-07-28,56,30,25,4,6
2024-08-04,52,34,25,3,6
2024-08-11,49,34,24,4,4
2024-08-18,43,36,25,6,3
2024-08-25,44,29,21,3,4
2024-09-01,51,27,23,6,5
2024-09-08,65,30,20,4,5
2024-09-15,66,26,19,4,3
2024-09-22,58,27,22,5,4
2024-09-29,60,30,25,5,4
2024-10-06,58,29,24,5,3
2024-10-13,60,30,20,6,4
2024-10-20,61,26,21,3,3
2024-10-27,52,26,20,4,3
2024-11-03,56,29,24,4,4
2024-11-10,68,36,30,8,4
2024-11-17,72,40,32,8,5
2024-11-24,69,36,26,7,4
2024-12-01,74,38,26,7,4
2024-12-08,84,33,28,10,4
2024-12-15,82,43,38,9,4
2024-12-22,94,45,37,9,5
2024-12-29,76,37,32,7,4
2025-01-05,59,27,27,6,3
2025-01-12,46,29,18,5,0
2025-01-19,50,30,21,6,3
2025-01-26,48,30,19,4,4
2025-02-02,48,31,21,4,3
2025-02-09,42,27,18,3,5
2025-02-16,46,29,22,5,6
2025-02-23,48,31,20,3,4
2025-03-02,49,26,21,2,9
2025-03-09,48,26,21,2,8
2025-03-16,53,28,21,3,7
2025-03-23,50,30,21,3,8
2025-03-30,51,27,19,3,6
2025-04-06,60,26,18,3,6
2025-04-13,67,33,21,3,8
2025-04-20,71,32,20,5,8
2025-04-27,74,30,27,4,7
2025-05-04,63,33,27,3,8
2025-05-11,57,32,20,4,8
2025-05-18,58,32,19,4,9
2025-05-25,52,33,22,6,4
2025-06-01,54,30,19,4,6
2025-06-08,61,34,20,5,5
2025-06-15,55,36,20,7,6
2025-06-22,63,30,17,7,5
2025-06-29,61,36,19,5,5
2025-07-06,66,41,19,6,5
2025-07-13,71,33,23,5,7
2025-07-20,66,32,21,5,7
2025-07-27,69,30,17,5,4
2025-08-03,60,33,22,6,6
2025-08-10,62,30,21,5,6
2025-08-17,58,35,21,4,5
2025-08-24,60,35,19,3,6
2025-08-31,54,31,16,7,3
2025-09-07,64,28,16,4,2
2025-09-14,71,31,19,5,4
2025-09-21,57,30,20,5,4
2025-09-28,64,30,17,6,3
2025-10-05,59,28,17,5,4
2025-10-12,70,28,18,7,3
2025-10-19,62,27,17,7,3
2025-10-26,59,27,15,5,3
2025-11-02,71,31,20,6,3
2025-11-09,81,37,29,9,4
2025-11-16,82,40,27,9,3
2025-11-23,73,38,24,10,2
2025-11-30,90,40,21,10,4
2025-12-07,94,46,23,13,2
2025-12-14,89,45,29,15,4
2025-12-21,100,42,28,14,4
2025-12-28,88,37,26,10,5
2026-01-04,60,35,21,7,5
2026-01-11,57,33,16,6,4
2026-01-18,53,33,19,6,3
2026-01-25,54,32,17,5,3
2026-02-01,55,33,20,5,5
2026-02-08,51,31,16,4,3
2026-02-15,47,31,17,5,6
2026-02-22,46,28,14,4,4
2026-03-01,50,29,15,4,6
2026-03-08,54,34,20,5,7
2026-03-15,52,29,18,4,5
2026-03-22,58,34,16,5,8
2026-03-29,58,34,16,4,7
2026-04-05,63,33,16,4,6
2026-04-12,70,35,13,5,7
2026-04-19,82,35,15,5,6
2026-04-26,81,36,18,5,10
2026-05-03,71,34,18,4,8
2026-05-10,68,34,16,5,7
2026-05-17,63,34,17,4,8
2026-05-24,62,35,20,5,6
2026-05-31,67,37,18,4,6
2026-06-07,58,29,15,6,5
2026-06-14,55,28,15,4,4
2026-06-21,53,32,14,5,5
2026-06-28,50,28,14,4,4
2026-07-05,55,31,14,4,5
2026-07-12,65,39,17,8,4
2026-07-19,64,32,17,5,6
2026-07-26,63,37,16,6,6
2026-08-02,59,35,18,4,7
2026-08-09,64,37,18,6,4
2026-08-16,64,34,16,6,6
2026-08-23,63,37,17,5,4
2026-08-30,57,34,16,5,4
2026-09-06,71,33,16,6,5
2026-09-13,86,29,11,5,5
2026-09-20,62,32,17,3,2
2026-09-27,67,31,13,5,3
2026-10-04,67,33,14,6,3
